num,career.year,year,papers,citations,baby.flag,years.since,baby.flag2,years.since2
1,0,2002,4,7,1,4.41666666666667,1,2.16666666666667
1,1,2003,0,40,1,5.41666666666667,1,3.16666666666667
1,2,2004,4,64,1,6.41666666666667,1,4.16666666666667
1,3,2005,4,101,1,7.41666666666667,1,5.16666666666667
1,4,2006,6,125,1,8.41666666666667,1,6.16666666666667
1,5,2007,3,155,1,9.41666666666667,1,7.16666666666667
1,6,2008,2,132,1,10.4166666666667,1,8.16666666666667
1,7,2009,9,173,1,11.4166666666667,1,9.16666666666667
1,8,2010,12,192,1,12.4166666666667,1,10.1666666666667
1,9,2011,13,261,1,13.4166666666667,1,11.1666666666667
1,10,2012,13,310,1,14.4166666666667,1,12.1666666666667
1,11,2013,7,319,1,15.4166666666667,1,13.1666666666667
1,12,2014,16,409,1,16.4166666666667,1,14.1666666666667
1,13,2015,16,387,1,17.4166666666667,1,15.1666666666667
2,0,1998,1,0,0,0,0,0
2,1,1999,1,7,0,0,0,0
2,2,2000,0,20,0,0,0,0
2,3,2001,1,21,0,0,0,0
2,4,2002,1,16,0,0,0,0
2,5,2003,0,19,0,0,0,0
2,6,2004,1,20,0,0,0,0
2,7,2005,0,22,0,0,0,0
2,8,2006,0,31,0,0,0,0
2,9,2007,0,13,0,0,0,0
2,10,2008,0,16,0,0,0,0
2,11,2009,0,20,0,0,0,0
2,12,2010,0,23,0,0,0,0
2,13,2011,0,19,0,0,0,0
2,14,2012,1,19,0,0,0,0
2,15,2013,0,18,0,0,0,0
2,16,2014,0,7,0,0,0,0
2,17,2015,0,8,0,0,0,0
3,0,2006,2,0,0,0,0,0
3,1,2007,1,3,0,0,0,0
3,2,2008,0,4,0,0,0,0
3,3,2009,0,5,0,0,0,0
3,4,2010,1,5,0,0,0,0
3,5,2011,0,15,0,0,0,0
3,6,2012,0,20,0,0,0,0
3,7,2013,0,30,1,0.166666666666667,0,0
3,8,2014,0,22,1,1.16666666666667,0,0
3,9,2015,0,26,1,2.16666666666667,1,0.583333333333333
4,0,2010,1,0,0,0,0,0
4,1,2011,3,2,0,0,0,0
4,2,2012,11,15,0,0,0,0
4,3,2013,5,38,1,0.333333333333333,0,0
4,4,2014,11,80,1,1.33333333333333,0,0
4,5,2015,10,111,1,2.33333333333333,1,0.416666666666667
5,0,1997,1,0,0,0,0,0
5,1,1998,0,0,0,0,0,0
5,2,1999,0,0,0,0,0,0
5,3,2000,0,0,0,0,0,0
5,4,2001,1,0,0,0,0,0
5,5,2002,1,0,0,0,0,0
5,6,2003,1,0,0,0,0,0
5,7,2004,1,0,0,0,0,0
5,8,2005,3,4,0,0,0,0
5,9,2006,5,6,0,0,0,0
5,10,2007,3,8,0,0,0,0
5,11,2008,8,12,0,0,0,0
5,12,2009,7,24,0,0,0,0
5,13,2010,5,33,0,0,0,0
5,14,2011,7,44,0,0,0,0
5,15,2012,12,108,0,0,0,0
5,16,2013,1,74,0,0,0,0
5,17,2014,7,106,0,0,0,0
5,18,2015,7,119,0,0,0,0
6,0,1982,1,0,0,0,0,0
6,1,1983,0,1,0,0,0,0
6,2,1984,0,1,0,0,0,0
6,3,1985,0,5,0,0,0,0
6,4,1986,0,6,0,0,0,0
6,5,1987,1,5,0,0,0,0
6,6,1988,2,9,0,0,0,0
6,7,1989,0,5,0,0,0,0
6,8,1990,0,8,0,0,0,0
6,9,1991,0,4,0,0,0,0
6,10,1992,1,7,0,0,0,0
6,11,1993,2,7,0,0,0,0
6,12,1994,2,9,0,0,0,0
6,13,1995,6,9,0,0,0,0
6,14,1996,3,19,0,0,0,0
6,15,1997,5,27,0,0,0,0
6,16,1998,1,13,0,0,0,0
6,17,1999,5,27,0,0,0,0
6,18,2000,5,50,0,0,0,0
6,19,2001,1,63,0,0,0,0
6,20,2002,7,61,0,0,0,0
6,21,2003,7,60,0,0,0,0
6,22,2004,3,72,0,0,0,0
6,23,2005,6,85,0,0,0,0
6,24,2006,4,95,0,0,0,0
6,25,2007,3,103,0,0,0,0
6,26,2008,4,108,0,0,0,0
6,27,2009,4,88,0,0,0,0
6,28,2010,1,126,0,0,0,0
6,29,2011,0,105,0,0,0,0
6,30,2012,10,112,0,0,0,0
6,31,2013,0,121,0,0,0,0
6,32,2014,0,89,0,0,0,0
6,33,2015,2,104,0,0,0,0
7,0,2012,2,0,0,0,0,0
7,1,2013,1,1,0,0,0,0
7,2,2014,1,7,0,0,0,0
7,3,2015,1,4,0,0,0,0
8,0,2003,1,0,0,0,0,0
8,1,2004,0,1,0,0,0,0
8,2,2005,0,2,0,0,0,0
8,3,2006,0,2,0,0,0,0
8,4,2007,0,13,0,0,0,0
8,5,2008,0,1,0,0,0,0
8,6,2009,1,3,0,0,0,0
8,7,2010,1,5,0,0,0,0
8,8,2011,1,18,0,0,0,0
8,9,2012,2,14,0,0,0,0
8,10,2013,4,19,0,0,0,0
8,11,2014,7,36,0,0,0,0
8,12,2015,7,56,0,0,0,0
9,0,2015,1,1,0,0,0,0
10,0,1986,1,0,1,4.66666666666667,0,0
10,1,1987,0,0,1,5.66666666666667,0,0
10,2,1988,0,0,1,6.66666666666667,0,0
10,3,1989,0,0,1,7.66666666666667,0,0
10,4,1990,0,0,1,8.66666666666667,0,0
10,5,1991,1,0,1,9.66666666666667,0,0
10,6,1992,0,0,1,10.6666666666667,0,0
10,7,1993,0,0,1,11.6666666666667,0,0
10,8,1994,0,0,1,12.6666666666667,0,0
10,9,1995,0,0,1,13.6666666666667,0,0
10,10,1996,0,0,1,14.6666666666667,0,0
10,11,1997,0,0,1,15.6666666666667,0,0
10,12,1998,0,1,1,16.6666666666667,0,0
10,13,1999,0,0,1,17.6666666666667,0,0
10,14,2000,1,4,1,18.6666666666667,0,0
10,15,2001,0,5,1,19.6666666666667,0,0
10,16,2002,0,4,1,20.6666666666667,0,0
10,17,2003,1,4,1,21.6666666666667,0,0
10,18,2004,0,4,1,22.6666666666667,0,0
10,19,2005,0,5,1,23.6666666666667,0,0
10,20,2006,0,3,1,24.6666666666667,0,0
10,21,2007,0,11,1,25.6666666666667,0,0
10,22,2008,1,6,1,26.6666666666667,0,0
10,23,2009,1,13,1,27.6666666666667,0,0
10,24,2010,0,8,1,28.6666666666667,0,0
10,25,2011,3,11,1,29.6666666666667,0,0
10,26,2012,6,23,1,30.6666666666667,0,0
10,27,2013,3,40,1,31.6666666666667,0,0
10,28,2014,5,56,1,32.6666666666667,0,0
10,29,2015,5,54,1,33.6666666666667,0,0
11,0,2004,1,0,1,5,1,3.66666666666667
11,1,2005,1,1,1,6,1,4.66666666666667
11,2,2006,6,9,1,7,1,5.66666666666667
11,3,2007,0,9,1,8,1,6.66666666666667
11,4,2008,0,19,1,9,1,7.66666666666667
11,5,2009,2,21,1,10,1,8.66666666666667
11,6,2010,1,14,1,11,1,9.66666666666667
11,7,2011,3,33,1,12,1,10.6666666666667
11,8,2012,3,35,1,13,1,11.6666666666667
11,9,2013,3,35,1,14,1,12.6666666666667
11,10,2014,5,55,1,15,1,13.6666666666667
11,11,2015,4,44,1,16,1,14.6666666666667
12,0,1985,1,0,1,11.75,1,9.5
12,1,1986,0,0,1,12.75,1,10.5
12,2,1987,2,1,1,13.75,1,11.5
12,3,1988,0,0,1,14.75,1,12.5
12,4,1989,0,0,1,15.75,1,13.5
12,5,1990,1,1,1,16.75,1,14.5
12,6,1991,2,0,1,17.75,1,15.5
12,7,1992,2,1,1,18.75,1,16.5
12,8,1993,9,2,1,19.75,1,17.5
12,9,1994,6,1,1,20.75,1,18.5
12,10,1995,6,7,1,21.75,1,19.5
12,11,1996,16,26,1,22.75,1,20.5
12,12,1997,8,33,1,23.75,1,21.5
12,13,1998,2,44,1,24.75,1,22.5
12,14,1999,0,20,1,25.75,1,23.5
12,15,2000,2,53,1,26.75,1,24.5
12,16,2001,1,42,1,27.75,1,25.5
12,17,2002,5,55,1,28.75,1,26.5
12,18,2003,5,64,1,29.75,1,27.5
12,19,2004,23,73,1,30.75,1,28.5
12,20,2005,16,65,1,31.75,1,29.5
12,21,2006,17,94,1,32.75,1,30.5
12,22,2007,10,114,1,33.75,1,31.5
12,23,2008,15,151,1,34.75,1,32.5
12,24,2009,10,165,1,35.75,1,33.5
12,25,2010,17,189,1,36.75,1,34.5
12,26,2011,11,209,1,37.75,1,35.5
12,27,2012,13,227,1,38.75,1,36.5
12,28,2013,23,242,1,39.75,1,37.5
12,29,2014,15,271,1,40.75,1,38.5
12,30,2015,9,247,1,41.75,1,39.5
13,0,2010,2,1,0,0,0,0
13,1,2011,7,16,0,0,0,0
13,2,2012,4,41,0,0,0,0
13,3,2013,8,31,0,0,0,0
13,4,2014,15,59,1,0.666666666666667,0,0
13,5,2015,15,109,1,1.66666666666667,0,0
14,0,2005,1,0,0,0,0,0
14,1,2006,4,0,0,0,0,0
14,2,2007,9,19,0,0,0,0
14,3,2008,2,15,0,0,0,0
14,4,2009,4,29,0,0,0,0
14,5,2010,1,23,0,0,0,0
14,6,2011,3,37,0,0,0,0
14,7,2012,4,58,0,0,0,0
14,8,2013,1,47,0,0,0,0
14,9,2014,4,53,0,0,0,0
14,10,2015,2,60,0,0,0,0
15,0,1998,1,0,0,0,0,0
15,1,1999,0,3,0,0,0,0
15,2,2000,1,5,0,0,0,0
15,3,2001,0,10,0,0,0,0
15,4,2002,0,9,0,0,0,0
15,5,2003,1,14,0,0,0,0
15,6,2004,0,7,0,0,0,0
15,7,2005,1,19,0,0,0,0
15,8,2006,1,30,0,0,0,0
15,9,2007,3,30,0,0,0,0
15,10,2008,2,39,0,0,0,0
15,11,2009,7,62,0,0,0,0
15,12,2010,8,96,0,0,0,0
15,13,2011,6,123,0,0,0,0
15,14,2012,6,199,0,0,0,0
15,15,2013,8,198,0,0,0,0
15,16,2014,6,254,0,0,0,0
15,17,2015,7,248,0,0,0,0
16,0,2002,1,0,0,0,0,0
16,1,2003,1,4,0,0,0,0
16,2,2004,0,9,0,0,0,0
16,3,2005,4,8,0,0,0,0
16,4,2006,3,18,0,0,0,0
16,5,2007,2,17,1,0.0833333333333333,0,0
16,6,2008,2,18,1,1.08333333333333,0,0
16,7,2009,2,21,1,2.08333333333333,1,0.583333333333333
16,8,2010,2,32,1,3.08333333333333,1,1.58333333333333
16,9,2011,0,31,1,4.08333333333333,1,2.58333333333333
16,10,2012,2,34,1,5.08333333333333,1,3.58333333333333
16,11,2013,2,38,1,6.08333333333333,1,4.58333333333333
16,12,2014,6,55,1,7.08333333333333,1,5.58333333333333
16,13,2015,4,48,1,8.08333333333333,1,6.58333333333333
17,0,2015,2,0,0,0,0,0
18,0,1996,1,1,0,0,0,0
18,1,1997,1,11,0,0,0,0
18,2,1998,0,35,0,0,0,0
18,3,1999,0,26,0,0,0,0
18,4,2000,2,40,1,0.0833333333333333,0,0
18,5,2001,3,41,1,1.08333333333333,0,0
18,6,2002,0,49,1,2.08333333333333,1,0.583333333333333
18,7,2003,1,62,1,3.08333333333333,1,1.58333333333333
18,8,2004,0,73,1,4.08333333333333,1,2.58333333333333
18,9,2005,1,68,1,5.08333333333333,1,3.58333333333333
18,10,2006,1,90,1,6.08333333333333,1,4.58333333333333
18,11,2007,2,78,1,7.08333333333333,1,5.58333333333333
18,12,2008,1,67,1,8.08333333333333,1,6.58333333333333
18,13,2009,0,96,1,9.08333333333333,1,7.58333333333333
18,14,2010,8,88,1,10.0833333333333,1,8.58333333333333
18,15,2011,7,121,1,11.0833333333333,1,9.58333333333333
18,16,2012,2,123,1,12.0833333333333,1,10.5833333333333
18,17,2013,3,136,1,13.0833333333333,1,11.5833333333333
18,18,2014,12,125,1,14.0833333333333,1,12.5833333333333
18,19,2015,6,141,1,15.0833333333333,1,13.5833333333333
19,0,2004,1,0,1,4,1,2.33333333333333
19,1,2005,0,1,1,5,1,3.33333333333333
19,2,2006,0,7,1,6,1,4.33333333333333
19,3,2007,0,3,1,7,1,5.33333333333333
19,4,2008,0,5,1,8,1,6.33333333333333
19,5,2009,2,11,1,9,1,7.33333333333333
19,6,2010,1,29,1,10,1,8.33333333333333
19,7,2011,2,43,1,11,1,9.33333333333333
19,8,2012,3,61,1,12,1,10.3333333333333
19,9,2013,5,73,1,13,1,11.3333333333333
19,10,2014,2,107,1,14,1,12.3333333333333
19,11,2015,4,131,1,15,1,13.3333333333333
20,0,2015,1,0,0,0,0,0
21,0,2009,1,1,1,0.25,0,0
21,1,2010,5,3,1,1.25,0,0
21,2,2011,6,9,1,2.25,0,0
21,3,2012,3,17,1,3.25,1,0.166666666666667
21,4,2013,4,29,1,4.25,1,1.16666666666667
21,5,2014,2,47,1,5.25,1,2.16666666666667
21,6,2015,4,61,1,6.25,1,3.16666666666667
22,0,1989,1,0,1,0.75,0,0
22,1,1990,0,1,1,1.75,0,0
22,2,1991,0,0,1,2.75,1,0.5
22,3,1992,1,0,1,3.75,1,1.5
22,4,1993,1,0,1,4.75,1,2.5
22,5,1994,1,1,1,5.75,1,3.5
22,6,1995,2,2,1,6.75,1,4.5
22,7,1996,1,14,1,7.75,1,5.5
22,8,1997,1,15,1,8.75,1,6.5
22,9,1998,1,19,1,9.75,1,7.5
22,10,1999,1,31,1,10.75,1,8.5
22,11,2000,2,48,1,11.75,1,9.5
22,12,2001,4,56,1,12.75,1,10.5
22,13,2002,6,50,1,13.75,1,11.5
22,14,2003,4,59,1,14.75,1,12.5
22,15,2004,2,55,1,15.75,1,13.5
22,16,2005,9,93,1,16.75,1,14.5
22,17,2006,8,144,1,17.75,1,15.5
22,18,2007,5,133,1,18.75,1,16.5
22,19,2008,8,175,1,19.75,1,17.5
22,20,2009,7,228,1,20.75,1,18.5
22,21,2010,8,248,1,21.75,1,19.5
22,22,2011,13,323,1,22.75,1,20.5
22,23,2012,9,415,1,23.75,1,21.5
22,24,2013,8,385,1,24.75,1,22.5
22,25,2014,13,386,1,25.75,1,23.5
22,26,2015,7,371,1,26.75,1,24.5
23,0,2012,2,0,0,0,0,0
23,1,2013,0,1,0,0,0,0
23,2,2014,2,1,1,0.666666666666667,0,0
23,3,2015,1,2,1,1.66666666666667,0,0
24,0,2014,1,0,1,1.33333333333333,0,0
24,1,2015,0,2,1,2.33333333333333,0,0
25,0,1980,1,0,0,0,0,0
25,1,1981,0,0,0,0,0,0
25,2,1982,0,0,0,0,0,0
25,3,1983,0,0,0,0,0,0
25,4,1984,1,1,0,0,0,0
25,5,1985,0,0,0,0,0,0
25,6,1986,0,0,0,0,0,0
25,7,1987,2,1,0,0,0,0
25,8,1988,0,1,0,0,0,0
25,9,1989,2,0,0,0,0,0
25,10,1990,1,0,0,0,0,0
25,11,1991,0,4,0,0,0,0
25,12,1992,0,2,0,0,0,0
25,13,1993,0,0,0,0,0,0
25,14,1994,0,4,0,0,0,0
25,15,1995,0,2,0,0,0,0
25,16,1996,2,5,0,0,0,0
25,17,1997,2,12,0,0,0,0
25,18,1998,1,15,0,0,0,0
25,19,1999,0,14,0,0,0,0
25,20,2000,1,19,0,0,0,0
25,21,2001,6,14,0,0,0,0
25,22,2002,4,31,0,0,0,0
25,23,2003,2,54,0,0,0,0
25,24,2004,1,65,0,0,0,0
25,25,2005,5,75,0,0,0,0
25,26,2006,5,108,0,0,0,0
25,27,2007,3,170,0,0,0,0
25,28,2008,2,153,0,0,0,0
25,29,2009,2,139,0,0,0,0
25,30,2010,3,159,0,0,0,0
25,31,2011,5,174,0,0,0,0
25,32,2012,10,202,0,0,0,0
25,33,2013,9,235,0,0,0,0
25,34,2014,17,297,0,0,0,0
25,35,2015,10,307,0,0,0,0
26,0,2009,2,1,1,9.91666666666667,1,7.91666666666667
26,1,2010,9,8,1,10.9166666666667,1,8.91666666666667
26,2,2011,12,40,1,11.9166666666667,1,9.91666666666667
26,3,2012,5,91,1,12.9166666666667,1,10.9166666666667
26,4,2013,7,162,1,13.9166666666667,1,11.9166666666667
26,5,2014,5,176,1,14.9166666666667,1,12.9166666666667
26,6,2015,0,182,1,15.9166666666667,1,13.9166666666667
27,0,2000,1,0,1,1.41666666666667,0,0
27,1,2001,0,9,1,2.41666666666667,1,0.416666666666667
27,2,2002,0,9,1,3.41666666666667,1,1.41666666666667
27,3,2003,0,7,1,4.41666666666667,1,2.41666666666667
27,4,2004,0,4,1,5.41666666666667,1,3.41666666666667
27,5,2005,1,8,1,6.41666666666667,1,4.41666666666667
27,6,2006,1,12,1,7.41666666666667,1,5.41666666666667
27,7,2007,2,11,1,8.41666666666667,1,6.41666666666667
27,8,2008,1,18,1,9.41666666666667,1,7.41666666666667
27,9,2009,1,17,1,10.4166666666667,1,8.41666666666667
27,10,2010,1,25,1,11.4166666666667,1,9.41666666666667
27,11,2011,6,45,1,12.4166666666667,1,10.4166666666667
27,12,2012,5,98,1,13.4166666666667,1,11.4166666666667
27,13,2013,10,147,1,14.4166666666667,1,12.4166666666667
27,14,2014,9,258,1,15.4166666666667,1,13.4166666666667
27,15,2015,11,246,1,16.4166666666667,1,14.4166666666667
28,0,2007,1,0,0,0,0,0
28,1,2008,2,6,0,0,0,0
28,2,2009,0,7,1,0.333333333333333,0,0
28,3,2010,2,21,1,1.33333333333333,0,0
28,4,2011,1,9,1,2.33333333333333,0,0
28,5,2012,1,8,1,3.33333333333333,0,0
28,6,2013,3,18,1,4.33333333333333,0,0
28,7,2014,0,12,1,5.33333333333333,0,0
28,8,2015,3,47,1,6.33333333333333,0,0
29,0,1979,1,0,0,0,0,0
29,1,1980,3,0,0,0,0,0
29,2,1981,5,1,0,0,0,0
29,3,1982,3,0,0,0,0,0
29,4,1983,6,7,0,0,0,0
29,5,1984,7,17,0,0,0,0
29,6,1985,3,11,0,0,0,0
29,7,1986,4,14,0,0,0,0
29,8,1987,5,36,0,0,0,0
29,9,1988,8,26,0,0,0,0
29,10,1989,5,40,0,0,0,0
29,11,1990,5,40,0,0,0,0
29,12,1991,11,48,0,0,0,0
29,13,1992,7,58,0,0,0,0
29,14,1993,12,71,0,0,0,0
29,15,1994,5,67,0,0,0,0
29,16,1995,3,71,0,0,0,0
29,17,1996,6,199,0,0,0,0
29,18,1997,15,193,0,0,0,0
29,19,1998,8,244,0,0,0,0
29,20,1999,7,266,0,0,0,0
29,21,2000,16,325,0,0,0,0
29,22,2001,9,312,0,0,0,0
29,23,2002,7,361,0,0,0,0
29,24,2003,4,397,0,0,0,0
29,25,2004,10,383,0,0,0,0
29,26,2005,21,427,1,0.833333333333333,0,0
29,27,2006,6,558,1,1.83333333333333,1,0.0833333333333333
29,28,2007,8,554,1,2.83333333333333,1,1.08333333333333
29,29,2008,15,633,1,3.83333333333333,1,2.08333333333333
29,30,2009,14,669,1,4.83333333333333,1,3.08333333333333
29,31,2010,13,603,1,5.83333333333333,1,4.08333333333333
29,32,2011,17,667,1,6.83333333333333,1,5.08333333333333
29,33,2012,19,737,1,7.83333333333333,1,6.08333333333333
29,34,2013,11,752,1,8.83333333333333,1,7.08333333333333
29,35,2014,17,814,1,9.83333333333333,1,8.08333333333333
29,36,2015,18,830,1,10.8333333333333,1,9.08333333333333
30,0,1995,1,0,0,0,0,0
30,1,1996,0,0,0,0,0,0
30,2,1997,0,0,0,0,0,0
30,3,1998,0,0,0,0,0,0
30,4,1999,0,0,0,0,0,0
30,5,2000,0,0,0,0,0,0
30,6,2001,1,0,0,0,0,0
30,7,2002,1,3,0,0,0,0
30,8,2003,6,1,0,0,0,0
30,9,2004,8,6,0,0,0,0
30,10,2005,5,17,0,0,0,0
30,11,2006,11,42,1,0.916666666666667,0,0
30,12,2007,8,61,1,1.91666666666667,0,0
30,13,2008,9,69,1,2.91666666666667,0,0
30,14,2009,3,92,1,3.91666666666667,0,0
30,15,2010,7,101,1,4.91666666666667,1,0.833333333333333
30,16,2011,7,145,1,5.91666666666667,1,1.83333333333333
30,17,2012,15,171,1,6.91666666666667,1,2.83333333333333
30,18,2013,12,191,1,7.91666666666667,1,3.83333333333333
30,19,2014,12,231,1,8.91666666666667,1,4.83333333333333
30,20,2015,4,259,1,9.91666666666667,1,5.83333333333333
31,0,1985,4,1,0,0,0,0
31,1,1986,2,1,0,0,0,0
31,2,1987,1,2,0,0,0,0
31,3,1988,1,3,0,0,0,0
31,4,1989,1,1,0,0,0,0
31,5,1990,1,6,0,0,0,0
31,6,1991,0,6,0,0,0,0
31,7,1992,0,3,0,0,0,0
31,8,1993,0,7,1,0.25,0,0
31,9,1994,1,7,1,1.25,0,0
31,10,1995,0,6,1,2.25,0,0
31,11,1996,0,14,1,3.25,0,0
31,12,1997,0,9,1,4.25,0,0
31,13,1998,1,10,1,5.25,0,0
31,14,1999,0,7,1,6.25,0,0
31,15,2000,0,13,1,7.25,0,0
31,16,2001,0,9,1,8.25,0,0
31,17,2002,0,5,1,9.25,0,0
31,18,2003,2,18,1,10.25,0,0
31,19,2004,0,27,1,11.25,0,0
31,20,2005,3,24,1,12.25,0,0
31,21,2006,1,23,1,13.25,0,0
31,22,2007,1,38,1,14.25,0,0
31,23,2008,1,35,1,15.25,0,0
31,24,2009,2,40,1,16.25,0,0
31,25,2010,1,36,1,17.25,0,0
31,26,2011,0,38,1,18.25,0,0
31,27,2012,0,47,1,19.25,0,0
31,28,2013,1,58,1,20.25,0,0
31,29,2014,1,46,1,21.25,0,0
31,30,2015,0,41,1,22.25,0,0
32,0,2009,1,0,0,0,0,0
32,1,2010,5,4,0,0,0,0
32,2,2011,3,29,0,0,0,0
32,3,2012,3,52,0,0,0,0
32,4,2013,4,112,0,0,0,0
32,5,2014,11,178,0,0,0,0
32,6,2015,8,125,0,0,0,0
33,0,2012,2,0,0,0,0,0
33,1,2013,3,5,0,0,0,0
33,2,2014,2,13,1,0.5,0,0
33,3,2015,1,11,1,1.5,0,0
34,0,2010,1,0,1,21.5833333333333,1,18.6666666666667
34,1,2011,0,0,1,22.5833333333333,1,19.6666666666667
34,2,2012,1,4,1,23.5833333333333,1,20.6666666666667
34,3,2013,2,9,1,24.5833333333333,1,21.6666666666667
34,4,2014,3,11,1,25.5833333333333,1,22.6666666666667
34,5,2015,0,21,1,26.5833333333333,1,23.6666666666667
35,0,2009,1,0,0,0,0,0
35,1,2010,2,0,0,0,0,0
35,2,2011,4,3,0,0,0,0
35,3,2012,1,29,0,0,0,0
35,4,2013,1,38,0,0,0,0
35,5,2014,1,32,0,0,0,0
35,6,2015,2,25,0,0,0,0
36,0,2005,2,4,0,0,0,0
36,1,2006,0,12,0,0,0,0
36,2,2007,5,18,0,0,0,0
36,3,2008,0,18,0,0,0,0
36,4,2009,1,29,0,0,0,0
36,5,2010,0,29,0,0,0,0
36,6,2011,2,25,0,0,0,0
36,7,2012,3,37,0,0,0,0
36,8,2013,2,44,0,0,0,0
36,9,2014,1,41,0,0,0,0
36,10,2015,5,39,0,0,0,0
37,0,1976,1,0,0,0,0,0
37,1,1977,0,0,0,0,0,0
37,2,1978,1,0,0,0,0,0
37,3,1979,0,0,0,0,0,0
37,4,1980,0,2,0,0,0,0
37,5,1981,0,0,0,0,0,0
37,6,1982,2,0,0,0,0,0
37,7,1983,2,0,0,0,0,0
37,8,1984,1,1,0,0,0,0
37,9,1985,4,2,1,0.916666666666667,0,0
37,10,1986,3,2,1,1.91666666666667,0,0
37,11,1987,2,11,1,2.91666666666667,1,0.166666666666667
37,12,1988,6,16,1,3.91666666666667,1,1.16666666666667
37,13,1989,2,12,1,4.91666666666667,1,2.16666666666667
37,14,1990,4,23,1,5.91666666666667,1,3.16666666666667
37,15,1991,6,25,1,6.91666666666667,1,4.16666666666667
37,16,1992,8,41,1,7.91666666666667,1,5.16666666666667
37,17,1993,4,41,1,8.91666666666667,1,6.16666666666667
37,18,1994,12,69,1,9.91666666666667,1,7.16666666666667
37,19,1995,10,71,1,10.9166666666667,1,8.16666666666667
37,20,1996,10,202,1,11.9166666666667,1,9.16666666666667
37,21,1997,12,199,1,12.9166666666667,1,10.1666666666667
37,22,1998,14,206,1,13.9166666666667,1,11.1666666666667
37,23,1999,14,265,1,14.9166666666667,1,12.1666666666667
37,24,2000,12,357,1,15.9166666666667,1,13.1666666666667
37,25,2001,15,395,1,16.9166666666667,1,14.1666666666667
37,26,2002,11,490,1,17.9166666666667,1,15.1666666666667
37,27,2003,17,655,1,18.9166666666667,1,16.1666666666667
37,28,2004,9,687,1,19.9166666666667,1,17.1666666666667
37,29,2005,11,709,1,20.9166666666667,1,18.1666666666667
37,30,2006,23,831,1,21.9166666666667,1,19.1666666666667
37,31,2007,19,920,1,22.9166666666667,1,20.1666666666667
37,32,2008,26,1128,1,23.9166666666667,1,21.1666666666667
37,33,2009,30,1532,1,24.9166666666667,1,22.1666666666667
37,34,2010,24,1478,1,25.9166666666667,1,23.1666666666667
37,35,2011,33,1672,1,26.9166666666667,1,24.1666666666667
37,36,2012,21,1567,1,27.9166666666667,1,25.1666666666667
37,37,2013,18,1608,1,28.9166666666667,1,26.1666666666667
37,38,2014,19,1527,1,29.9166666666667,1,27.1666666666667
37,39,2015,35,1395,1,30.9166666666667,1,28.1666666666667
38,0,2014,1,0,0,0,0,0
38,1,2015,0,0,0,0,0,0
39,0,1989,1,0,1,7.5,1,4.08333333333333
39,1,1990,0,0,1,8.5,1,5.08333333333333
39,2,1991,0,0,1,9.5,1,6.08333333333333
39,3,1992,3,0,1,10.5,1,7.08333333333333
39,4,1993,4,0,1,11.5,1,8.08333333333333
39,5,1994,3,0,1,12.5,1,9.08333333333333
39,6,1995,1,1,1,13.5,1,10.0833333333333
39,7,1996,1,3,1,14.5,1,11.0833333333333
39,8,1997,4,4,1,15.5,1,12.0833333333333
39,9,1998,4,8,1,16.5,1,13.0833333333333
39,10,1999,7,11,1,17.5,1,14.0833333333333
39,11,2000,10,13,1,18.5,1,15.0833333333333
39,12,2001,7,18,1,19.5,1,16.0833333333333
39,13,2002,9,37,1,20.5,1,17.0833333333333
39,14,2003,8,72,1,21.5,1,18.0833333333333
39,15,2004,11,96,1,22.5,1,19.0833333333333
39,16,2005,8,97,1,23.5,1,20.0833333333333
39,17,2006,6,117,1,24.5,1,21.0833333333333
39,18,2007,9,141,1,25.5,1,22.0833333333333
39,19,2008,11,180,1,26.5,1,23.0833333333333
39,20,2009,17,209,1,27.5,1,24.0833333333333
39,21,2010,18,246,1,28.5,1,25.0833333333333
39,22,2011,28,288,1,29.5,1,26.0833333333333
39,23,2012,10,372,1,30.5,1,27.0833333333333
39,24,2013,9,398,1,31.5,1,28.0833333333333
39,25,2014,18,462,1,32.5,1,29.0833333333333
39,26,2015,12,401,1,33.5,1,30.0833333333333
40,0,2002,1,2,0,0,0,0
40,1,2003,0,0,0,0,0,0
40,2,2004,0,0,0,0,0,0
40,3,2005,0,1,0,0,0,0
40,4,2006,0,0,0,0,0,0
40,5,2007,1,1,0,0,0,0
40,6,2008,1,1,0,0,0,0
40,7,2009,0,0,1,0.75,0,0
40,8,2010,0,1,1,1.75,0,0
40,9,2011,0,0,1,2.75,0,0
40,10,2012,2,2,1,3.75,0,0
40,11,2013,4,4,1,4.75,0,0
40,12,2014,4,11,1,5.75,0,0
40,13,2015,3,31,1,6.75,0,0
41,0,2009,4,5,1,10.1666666666667,0,0
41,1,2010,3,10,1,11.1666666666667,0,0
41,2,2011,2,8,1,12.1666666666667,0,0
41,3,2012,3,22,1,13.1666666666667,0,0
41,4,2013,4,21,1,14.1666666666667,0,0
41,5,2014,4,26,1,15.1666666666667,0,0
41,6,2015,4,42,1,16.1666666666667,0,0
42,0,2004,1,0,1,2.91666666666667,0,0
42,1,2005,2,1,1,3.91666666666667,1,0.25
42,2,2006,2,8,1,4.91666666666667,1,1.25
42,3,2007,2,9,1,5.91666666666667,1,2.25
42,4,2008,1,6,1,6.91666666666667,1,3.25
42,5,2009,1,10,1,7.91666666666667,1,4.25
42,6,2010,0,32,1,8.91666666666667,1,5.25
42,7,2011,2,16,1,9.91666666666667,1,6.25
42,8,2012,2,18,1,10.9166666666667,1,7.25
42,9,2013,7,34,1,11.9166666666667,1,8.25
42,10,2014,1,56,1,12.9166666666667,1,9.25
42,11,2015,4,54,1,13.9166666666667,1,10.25
43,0,1995,1,0,1,14.75,0,0
43,1,1996,1,0,1,15.75,0,0
43,2,1997,0,0,1,16.75,0,0
43,3,1998,0,1,1,17.75,0,0
43,4,1999,2,3,1,18.75,0,0
43,5,2000,0,4,1,19.75,0,0
43,6,2001,2,2,1,20.75,0,0
43,7,2002,2,3,1,21.75,0,0
43,8,2003,0,8,1,22.75,0,0
43,9,2004,0,7,1,23.75,0,0
43,10,2005,0,10,1,24.75,0,0
43,11,2006,3,11,1,25.75,0,0
43,12,2007,1,13,1,26.75,0,0
43,13,2008,3,17,1,27.75,0,0
43,14,2009,1,21,1,28.75,0,0
43,15,2010,1,16,1,29.75,0,0
43,16,2011,5,20,1,30.75,0,0
43,17,2012,13,44,1,31.75,0,0
43,18,2013,11,37,1,32.75,0,0
43,19,2014,19,103,1,33.75,0,0
43,20,2015,16,104,1,34.75,0,0
44,0,1988,1,0,0,0,0,0
44,1,1989,0,0,0,0,0,0
44,2,1990,1,0,0,0,0,0
44,3,1991,1,1,0,0,0,0
44,4,1992,0,2,0,0,0,0
44,5,1993,0,0,0,0,0,0
44,6,1994,2,0,0,0,0,0
44,7,1995,1,1,0,0,0,0
44,8,1996,2,24,0,0,0,0
44,9,1997,0,6,0,0,0,0
44,10,1998,0,20,0,0,0,0
44,11,1999,0,9,1,0.75,0,0
44,12,2000,0,12,1,1.75,0,0
44,13,2001,0,14,1,2.75,0,0
44,14,2002,0,8,1,3.75,0,0
44,15,2003,0,6,1,4.75,0,0
44,16,2004,1,10,1,5.75,0,0
44,17,2005,0,12,1,6.75,0,0
44,18,2006,0,10,1,7.75,0,0
44,19,2007,0,4,1,8.75,0,0
44,20,2008,0,6,1,9.75,0,0
44,21,2009,1,5,1,10.75,0,0
44,22,2010,7,14,1,11.75,0,0
44,23,2011,4,44,1,12.75,0,0
44,24,2012,1,53,1,13.75,0,0
44,25,2013,6,59,1,14.75,0,0
44,26,2014,1,68,1,15.75,0,0
44,27,2015,7,53,1,16.75,0,0
45,0,1995,1,0,0,0,0,0
45,1,1996,0,1,0,0,0,0
45,2,1997,0,0,0,0,0,0
45,3,1998,0,1,0,0,0,0
45,4,1999,0,0,0,0,0,0
45,5,2000,0,0,0,0,0,0
45,6,2001,0,0,0,0,0,0
45,7,2002,0,0,0,0,0,0
45,8,2003,1,0,0,0,0,0
45,9,2004,2,2,0,0,0,0
45,10,2005,1,11,0,0,0,0
45,11,2006,2,7,1,0.333333333333333,0,0
45,12,2007,4,27,1,1.33333333333333,0,0
45,13,2008,3,30,1,2.33333333333333,1,0.5
45,14,2009,3,49,1,3.33333333333333,1,1.5
45,15,2010,6,63,1,4.33333333333333,1,2.5
45,16,2011,1,84,1,5.33333333333333,1,3.5
45,17,2012,4,96,1,6.33333333333333,1,4.5
45,18,2013,12,116,1,7.33333333333333,1,5.5
45,19,2014,4,118,1,8.33333333333333,1,6.5
45,20,2015,9,173,1,9.33333333333333,1,7.5
46,0,2009,1,0,0,0,0,0
46,1,2010,0,0,0,0,0,0
46,2,2011,1,2,0,0,0,0
46,3,2012,1,4,0,0,0,0
46,4,2013,2,11,0,0,0,0
46,5,2014,3,14,0,0,0,0
46,6,2015,2,21,0,0,0,0
47,0,2007,6,5,0,0,0,0
47,1,2008,5,21,0,0,0,0
47,2,2009,4,26,0,0,0,0
47,3,2010,9,56,0,0,0,0
47,4,2011,12,96,0,0,0,0
47,5,2012,4,128,0,0,0,0
47,6,2013,15,220,0,0,0,0
47,7,2014,13,253,0,0,0,0
47,8,2015,7,240,0,0,0,0
48,0,2008,2,1,1,36.6666666666667,1,34.3333333333333
48,1,2009,0,6,1,37.6666666666667,1,35.3333333333333
48,2,2010,1,4,1,38.6666666666667,1,36.3333333333333
48,3,2011,1,8,1,39.6666666666667,1,37.3333333333333
48,4,2012,2,15,1,40.6666666666667,1,38.3333333333333
48,5,2013,2,17,1,41.6666666666667,1,39.3333333333333
48,6,2014,4,28,1,42.6666666666667,1,40.3333333333333
48,7,2015,3,17,1,43.6666666666667,1,41.3333333333333
49,0,2001,1,0,0,0,0,0
49,1,2002,2,8,0,0,0,0
49,2,2003,2,17,0,0,0,0
49,3,2004,1,23,1,0.5,0,0
49,4,2005,0,21,1,1.5,0,0
49,5,2006,0,22,1,2.5,0,0
49,6,2007,0,29,1,3.5,1,0.5
49,7,2008,1,18,1,4.5,1,1.5
49,8,2009,1,33,1,5.5,1,2.5
49,9,2010,0,33,1,6.5,1,3.5
49,10,2011,0,21,1,7.5,1,4.5
49,11,2012,1,28,1,8.5,1,5.5
49,12,2013,0,32,1,9.5,1,6.5
49,13,2014,2,26,1,10.5,1,7.5
49,14,2015,0,27,1,11.5,1,8.5
50,0,2007,1,0,0,0,0,0
50,1,2008,2,5,0,0,0,0
50,2,2009,0,7,0,0,0,0
50,3,2010,0,11,0,0,0,0
50,4,2011,1,27,0,0,0,0
50,5,2012,2,21,0,0,0,0
50,6,2013,1,33,0,0,0,0
50,7,2014,0,30,0,0,0,0
50,8,2015,0,31,0,0,0,0
51,0,2008,3,0,0,0,0,0
51,1,2009,5,4,0,0,0,0
51,2,2010,5,19,0,0,0,0
51,3,2011,2,11,0,0,0,0
51,4,2012,4,22,0,0,0,0
51,5,2013,5,39,0,0,0,0
51,6,2014,13,65,0,0,0,0
51,7,2015,13,113,0,0,0,0
52,0,1998,1,0,0,0,0,0
52,1,1999,0,1,0,0,0,0
52,2,2000,2,4,0,0,0,0
52,3,2001,3,9,0,0,0,0
52,4,2002,3,12,1,0.5,0,0
52,5,2003,3,8,1,1.5,0,0
52,6,2004,2,21,1,2.5,1,0.833333333333333
52,7,2005,1,28,1,3.5,1,1.83333333333333
52,8,2006,5,23,1,4.5,1,2.83333333333333
52,9,2007,0,32,1,5.5,1,3.83333333333333
52,10,2008,6,40,1,6.5,1,4.83333333333333
52,11,2009,6,51,1,7.5,1,5.83333333333333
52,12,2010,10,90,1,8.5,1,6.83333333333333
52,13,2011,9,101,1,9.5,1,7.83333333333333
52,14,2012,8,142,1,10.5,1,8.83333333333333
52,15,2013,9,141,1,11.5,1,9.83333333333333
52,16,2014,4,168,1,12.5,1,10.8333333333333
52,17,2015,5,197,1,13.5,1,11.8333333333333
53,0,2001,1,0,1,7.25,1,1.16666666666667
53,1,2002,0,0,1,8.25,1,2.16666666666667
53,2,2003,4,5,1,9.25,1,3.16666666666667
53,3,2004,2,15,1,10.25,1,4.16666666666667
53,4,2005,5,24,1,11.25,1,5.16666666666667
53,5,2006,2,24,1,12.25,1,6.16666666666667
53,6,2007,3,57,1,13.25,1,7.16666666666667
53,7,2008,6,36,1,14.25,1,8.16666666666667
53,8,2009,8,57,1,15.25,1,9.16666666666667
53,9,2010,9,76,1,16.25,1,10.1666666666667
53,10,2011,12,134,1,17.25,1,11.1666666666667
53,11,2012,12,175,1,18.25,1,12.1666666666667
53,12,2013,11,227,1,19.25,1,13.1666666666667
53,13,2014,1,183,1,20.25,1,14.1666666666667
53,14,2015,4,210,1,21.25,1,15.1666666666667
54,0,2014,1,0,0,0,0,0
54,1,2015,2,2,0,0,0,0
55,0,2007,2,0,0,0,0,0
55,1,2008,2,1,0,0,0,0
55,2,2009,3,4,0,0,0,0
55,3,2010,0,2,0,0,0,0
55,4,2011,6,16,0,0,0,0
55,5,2012,5,30,0,0,0,0
55,6,2013,8,66,0,0,0,0
55,7,2014,2,72,0,0,0,0
55,8,2015,5,118,0,0,0,0
56,0,2002,1,0,1,4.5,1,1
56,1,2003,0,0,1,5.5,1,2
56,2,2004,0,1,1,6.5,1,3
56,3,2005,0,1,1,7.5,1,4
56,4,2006,1,7,1,8.5,1,5
56,5,2007,1,1,1,9.5,1,6
56,6,2008,1,2,1,10.5,1,7
56,7,2009,1,5,1,11.5,1,8
56,8,2010,0,9,1,12.5,1,9
56,9,2011,5,13,1,13.5,1,10
56,10,2012,3,15,1,14.5,1,11
56,11,2013,6,21,1,15.5,1,12
56,12,2014,4,22,1,16.5,1,13
56,13,2015,2,16,1,17.5,1,14
57,0,1998,1,0,0,0,0,0
57,1,1999,0,9,0,0,0,0
57,2,2000,0,5,0,0,0,0
57,3,2001,2,18,0,0,0,0
57,4,2002,0,30,1,0.416666666666667,0,0
57,5,2003,2,36,1,1.41666666666667,0,0
57,6,2004,0,25,1,2.41666666666667,0,0
57,7,2005,1,26,1,3.41666666666667,0,0
57,8,2006,3,42,1,4.41666666666667,0,0
57,9,2007,6,103,1,5.41666666666667,0,0
57,10,2008,6,128,1,6.41666666666667,0,0
57,11,2009,4,175,1,7.41666666666667,0,0
57,12,2010,14,263,1,8.41666666666667,0,0
57,13,2011,8,308,1,9.41666666666667,0,0
57,14,2012,18,424,1,10.4166666666667,0,0
57,15,2013,17,462,1,11.4166666666667,0,0
57,16,2014,18,648,1,12.4166666666667,0,0
57,17,2015,25,708,1,13.4166666666667,0,0
58,0,2003,1,0,0,0,0,0
58,1,2004,0,2,0,0,0,0
58,2,2005,0,2,0,0,0,0
58,3,2006,1,4,0,0,0,0
58,4,2007,0,3,0,0,0,0
58,5,2008,0,3,0,0,0,0
58,6,2009,1,2,1,0.166666666666667,0,0
58,7,2010,0,2,1,1.16666666666667,0,0
58,8,2011,1,2,1,2.16666666666667,0,0
58,9,2012,0,4,1,3.16666666666667,1,0.0833333333333333
58,10,2013,0,4,1,4.16666666666667,1,1.08333333333333
58,11,2014,1,6,1,5.16666666666667,1,2.08333333333333
58,12,2015,1,1,1,6.16666666666667,1,3.08333333333333
59,0,2011,2,0,0,0,0,0
59,1,2012,2,3,0,0,0,0
59,2,2013,0,10,0,0,0,0
59,3,2014,1,6,0,0,0,0
59,4,2015,4,11,0,0,0,0
60,0,2007,2,0,0,0,0,0
60,1,2008,0,1,0,0,0,0
60,2,2009,0,1,0,0,0,0
60,3,2010,0,7,0,0,0,0
60,4,2011,1,6,0,0,0,0
60,5,2012,1,11,0,0,0,0
60,6,2013,0,7,0,0,0,0
60,7,2014,2,13,0,0,0,0
60,8,2015,7,29,0,0,0,0
61,0,2009,1,0,0,0,0,0
61,1,2010,2,4,0,0,0,0
61,2,2011,1,14,0,0,0,0
61,3,2012,4,35,0,0,0,0
61,4,2013,0,69,0,0,0,0
61,5,2014,2,56,0,0,0,0
61,6,2015,2,79,0,0,0,0
62,0,2009,1,0,0,0,0,0
62,1,2010,2,3,0,0,0,0
62,2,2011,2,7,0,0,0,0
62,3,2012,5,14,0,0,0,0
62,4,2013,8,33,0,0,0,0
62,5,2014,15,78,1,0.5,0,0
62,6,2015,12,89,1,1.5,1,0.416666666666667
63,0,2001,1,0,1,3.66666666666667,1,1.58333333333333
63,1,2002,1,0,1,4.66666666666667,1,2.58333333333333
63,2,2003,0,2,1,5.66666666666667,1,3.58333333333333
63,3,2004,0,6,1,6.66666666666667,1,4.58333333333333
63,4,2005,0,2,1,7.66666666666667,1,5.58333333333333
63,5,2006,0,1,1,8.66666666666667,1,6.58333333333333
63,6,2007,1,4,1,9.66666666666667,1,7.58333333333333
63,7,2008,1,2,1,10.6666666666667,1,8.58333333333333
63,8,2009,0,6,1,11.6666666666667,1,9.58333333333333
63,9,2010,0,13,1,12.6666666666667,1,10.5833333333333
63,10,2011,0,16,1,13.6666666666667,1,11.5833333333333
63,11,2012,0,19,1,14.6666666666667,1,12.5833333333333
63,12,2013,0,13,1,15.6666666666667,1,13.5833333333333
63,13,2014,0,6,1,16.6666666666667,1,14.5833333333333
63,14,2015,5,8,1,17.6666666666667,1,15.5833333333333
64,0,2007,2,0,0,0,0,0
64,1,2008,0,1,0,0,0,0
64,2,2009,3,2,0,0,0,0
64,3,2010,0,10,0,0,0,0
64,4,2011,3,12,0,0,0,0
64,5,2012,2,13,0,0,0,0
64,6,2013,2,23,0,0,0,0
64,7,2014,0,20,0,0,0,0
64,8,2015,2,17,0,0,0,0
65,0,2010,1,0,0,0,0,0
65,1,2011,1,5,0,0,0,0
65,2,2012,1,9,0,0,0,0
65,3,2013,1,22,0,0,0,0
65,4,2014,0,19,1,0.5,0,0
65,5,2015,0,24,1,1.5,0,0
66,0,1995,1,0,0,0,0,0
66,1,1996,2,0,0,0,0,0
66,2,1997,1,0,0,0,0,0
66,3,1998,0,3,0,0,0,0
66,4,1999,0,6,1,0.666666666666667,0,0
66,5,2000,2,5,1,1.66666666666667,0,0
66,6,2001,0,9,1,2.66666666666667,0,0
66,7,2002,2,10,1,3.66666666666667,0,0
66,8,2003,0,14,1,4.66666666666667,0,0
66,9,2004,1,10,1,5.66666666666667,1,0.583333333333333
66,10,2005,0,6,1,6.66666666666667,1,1.58333333333333
66,11,2006,3,10,1,7.66666666666667,1,2.58333333333333
66,12,2007,1,12,1,8.66666666666667,1,3.58333333333333
66,13,2008,2,25,1,9.66666666666667,1,4.58333333333333
66,14,2009,2,21,1,10.6666666666667,1,5.58333333333333
66,15,2010,2,25,1,11.6666666666667,1,6.58333333333333
66,16,2011,0,17,1,12.6666666666667,1,7.58333333333333
66,17,2012,0,15,1,13.6666666666667,1,8.58333333333333
66,18,2013,0,19,1,14.6666666666667,1,9.58333333333333
66,19,2014,1,21,1,15.6666666666667,1,10.5833333333333
66,20,2015,1,20,1,16.6666666666667,1,11.5833333333333
67,0,2007,1,0,0,0,0,0
67,1,2008,1,0,0,0,0,0
67,2,2009,4,6,0,0,0,0
67,3,2010,0,3,0,0,0,0
67,4,2011,1,5,0,0,0,0
67,5,2012,0,9,0,0,0,0
67,6,2013,0,14,0,0,0,0
67,7,2014,0,9,0,0,0,0
67,8,2015,0,4,0,0,0,0
68,0,1998,3,1,0,0,0,0
68,1,1999,2,0,0,0,0,0
68,2,2000,1,0,0,0,0,0
68,3,2001,1,0,0,0,0,0
68,4,2002,2,1,0,0,0,0
68,5,2003,0,3,0,0,0,0
68,6,2004,2,5,0,0,0,0
68,7,2005,0,4,0,0,0,0
68,8,2006,0,9,0,0,0,0
68,9,2007,1,7,0,0,0,0
68,10,2008,0,13,0,0,0,0
68,11,2009,3,15,0,0,0,0
68,12,2010,4,15,0,0,0,0
68,13,2011,2,23,0,0,0,0
68,14,2012,2,31,0,0,0,0
68,15,2013,5,39,0,0,0,0
68,16,2014,4,51,0,0,0,0
68,17,2015,5,38,0,0,0,0
69,0,2007,3,1,0,0,0,0
69,1,2008,2,10,0,0,0,0
69,2,2009,0,10,0,0,0,0
69,3,2010,2,17,0,0,0,0
69,4,2011,4,32,0,0,0,0
69,5,2012,5,44,0,0,0,0
69,6,2013,11,62,0,0,0,0
69,7,2014,12,156,0,0,0,0
69,8,2015,6,223,0,0,0,0
70,0,1995,3,0,1,16.25,1,12.75
70,1,1996,1,1,1,17.25,1,13.75
70,2,1997,0,2,1,18.25,1,14.75
70,3,1998,0,4,1,19.25,1,15.75
70,4,1999,2,1,1,20.25,1,16.75
70,5,2000,2,15,1,21.25,1,17.75
70,6,2001,1,46,1,22.25,1,18.75
70,7,2002,4,52,1,23.25,1,19.75
70,8,2003,8,72,1,24.25,1,20.75
70,9,2004,9,104,1,25.25,1,21.75
70,10,2005,3,130,1,26.25,1,22.75
70,11,2006,8,158,1,27.25,1,23.75
70,12,2007,9,179,1,28.25,1,24.75
70,13,2008,6,217,1,29.25,1,25.75
70,14,2009,12,248,1,30.25,1,26.75
70,15,2010,13,241,1,31.25,1,27.75
70,16,2011,17,376,1,32.25,1,28.75
70,17,2012,16,438,1,33.25,1,29.75
70,18,2013,18,523,1,34.25,1,30.75
70,19,2014,20,550,1,35.25,1,31.75
70,20,2015,11,605,1,36.25,1,32.75
71,0,1998,1,0,1,8.58333333333333,1,5.91666666666667
71,1,1999,0,2,1,9.58333333333333,1,6.91666666666667
71,2,2000,0,4,1,10.5833333333333,1,7.91666666666667
71,3,2001,3,6,1,11.5833333333333,1,8.91666666666667
71,4,2002,5,23,1,12.5833333333333,1,9.91666666666667
71,5,2003,2,44,1,13.5833333333333,1,10.9166666666667
71,6,2004,6,64,1,14.5833333333333,1,11.9166666666667
71,7,2005,8,91,1,15.5833333333333,1,12.9166666666667
71,8,2006,5,130,1,16.5833333333333,1,13.9166666666667
71,9,2007,6,136,1,17.5833333333333,1,14.9166666666667
71,10,2008,6,142,1,18.5833333333333,1,15.9166666666667
71,11,2009,6,210,1,19.5833333333333,1,16.9166666666667
71,12,2010,4,252,1,20.5833333333333,1,17.9166666666667
71,13,2011,7,304,1,21.5833333333333,1,18.9166666666667
71,14,2012,9,331,1,22.5833333333333,1,19.9166666666667
71,15,2013,4,347,1,23.5833333333333,1,20.9166666666667
71,16,2014,5,325,1,24.5833333333333,1,21.9166666666667
71,17,2015,15,435,1,25.5833333333333,1,22.9166666666667
72,0,2013,1,0,1,0.583333333333333,0,0
72,1,2014,0,7,1,1.58333333333333,0,0
72,2,2015,5,15,1,2.58333333333333,1,0.833333333333333
73,0,2015,1,0,0,0,0,0
74,0,2015,1,0,0,0,0,0
75,0,1996,1,0,0,0,0,0
75,1,1997,1,1,0,0,0,0
75,2,1998,1,7,1,0.166666666666667,0,0
75,3,1999,0,3,1,1.16666666666667,0,0
75,4,2000,0,0,1,2.16666666666667,0,0
75,5,2001,0,4,1,3.16666666666667,0,0
75,6,2002,0,1,1,4.16666666666667,1,0.833333333333333
75,7,2003,1,1,1,5.16666666666667,1,1.83333333333333
75,8,2004,3,6,1,6.16666666666667,1,2.83333333333333
75,9,2005,1,2,1,7.16666666666667,1,3.83333333333333
75,10,2006,2,7,1,8.16666666666667,1,4.83333333333333
75,11,2007,4,20,1,9.16666666666667,1,5.83333333333333
75,12,2008,6,20,1,10.1666666666667,1,6.83333333333333
75,13,2009,3,21,1,11.1666666666667,1,7.83333333333333
75,14,2010,3,42,1,12.1666666666667,1,8.83333333333333
75,15,2011,4,37,1,13.1666666666667,1,9.83333333333333
75,16,2012,2,76,1,14.1666666666667,1,10.8333333333333
75,17,2013,1,82,1,15.1666666666667,1,11.8333333333333
75,18,2014,1,84,1,16.1666666666667,1,12.8333333333333
75,19,2015,4,97,1,17.1666666666667,1,13.8333333333333
76,0,2012,1,0,1,14.5,0,0
76,1,2013,1,0,1,15.5,0,0
76,2,2014,2,2,1,16.5,0,0
76,3,2015,5,2,1,17.5,0,0
77,0,2013,2,8,1,3.16666666666667,1,0.0833333333333333
77,1,2014,1,23,1,4.16666666666667,1,1.08333333333333
77,2,2015,2,25,1,5.16666666666667,1,2.08333333333333
78,0,1973,1,0,0,0,0,0
78,1,1974,1,0,0,0,0,0
78,2,1975,1,0,0,0,0,0
78,3,1976,0,0,0,0,0,0
78,4,1977,2,1,0,0,0,0
78,5,1978,0,0,0,0,0,0
78,6,1979,2,4,1,0.333333333333333,0,0
78,7,1980,1,2,1,1.33333333333333,0,0
78,8,1981,1,9,1,2.33333333333333,0,0
78,9,1982,1,6,1,3.33333333333333,1,0.0833333333333333
78,10,1983,2,5,1,4.33333333333333,1,1.08333333333333
78,11,1984,0,13,1,5.33333333333333,1,2.08333333333333
78,12,1985,2,5,1,6.33333333333333,1,3.08333333333333
78,13,1986,7,12,1,7.33333333333333,1,4.08333333333333
78,14,1987,3,8,1,8.33333333333333,1,5.08333333333333
78,15,1988,1,20,1,9.33333333333333,1,6.08333333333333
78,16,1989,4,20,1,10.3333333333333,1,7.08333333333333
78,17,1990,1,15,1,11.3333333333333,1,8.08333333333333
78,18,1991,1,21,1,12.3333333333333,1,9.08333333333333
78,19,1992,1,20,1,13.3333333333333,1,10.0833333333333
78,20,1993,0,11,1,14.3333333333333,1,11.0833333333333
78,21,1994,0,17,1,15.3333333333333,1,12.0833333333333
78,22,1995,0,18,1,16.3333333333333,1,13.0833333333333
78,23,1996,1,49,1,17.3333333333333,1,14.0833333333333
78,24,1997,4,43,1,18.3333333333333,1,15.0833333333333
78,25,1998,0,60,1,19.3333333333333,1,16.0833333333333
78,26,1999,1,44,1,20.3333333333333,1,17.0833333333333
78,27,2000,0,64,1,21.3333333333333,1,18.0833333333333
78,28,2001,5,41,1,22.3333333333333,1,19.0833333333333
78,29,2002,1,60,1,23.3333333333333,1,20.0833333333333
78,30,2003,1,42,1,24.3333333333333,1,21.0833333333333
78,31,2004,2,47,1,25.3333333333333,1,22.0833333333333
78,32,2005,2,51,1,26.3333333333333,1,23.0833333333333
78,33,2006,1,58,1,27.3333333333333,1,24.0833333333333
78,34,2007,1,52,1,28.3333333333333,1,25.0833333333333
78,35,2008,6,45,1,29.3333333333333,1,26.0833333333333
78,36,2009,6,50,1,30.3333333333333,1,27.0833333333333
78,37,2010,5,43,1,31.3333333333333,1,28.0833333333333
78,38,2011,10,51,1,32.3333333333333,1,29.0833333333333
78,39,2012,4,61,1,33.3333333333333,1,30.0833333333333
78,40,2013,10,63,1,34.3333333333333,1,31.0833333333333
78,41,2014,2,79,1,35.3333333333333,1,32.0833333333333
78,42,2015,1,67,1,36.3333333333333,1,33.0833333333333
79,0,1999,1,0,0,0,0,0
79,1,2000,0,0,0,0,0,0
79,2,2001,0,0,0,0,0,0
79,3,2002,0,0,0,0,0,0
79,4,2003,0,2,0,0,0,0
79,5,2004,0,0,0,0,0,0
79,6,2005,0,2,0,0,0,0
79,7,2006,2,0,1,0.166666666666667,0,0
79,8,2007,0,1,1,1.16666666666667,0,0
79,9,2008,0,2,1,2.16666666666667,0,0
79,10,2009,4,6,1,3.16666666666667,1,0.416666666666667
79,11,2010,3,17,1,4.16666666666667,1,1.41666666666667
79,12,2011,3,24,1,5.16666666666667,1,2.41666666666667
79,13,2012,4,62,1,6.16666666666667,1,3.41666666666667
79,14,2013,1,56,1,7.16666666666667,1,4.41666666666667
79,15,2014,3,98,1,8.16666666666667,1,5.41666666666667
79,16,2015,0,100,1,9.16666666666667,1,6.41666666666667
80,0,2006,1,0,0,0,0,0
80,1,2007,2,1,0,0,0,0
80,2,2008,1,7,0,0,0,0
80,3,2009,2,23,0,0,0,0
80,4,2010,2,29,0,0,0,0
80,5,2011,2,42,0,0,0,0
80,6,2012,4,46,0,0,0,0
80,7,2013,4,71,0,0,0,0
80,8,2014,8,86,0,0,0,0
80,9,2015,2,80,0,0,0,0
81,0,2006,1,0,0,0,0,0
81,1,2007,1,1,0,0,0,0
81,2,2008,0,2,0,0,0,0
81,3,2009,9,24,0,0,0,0
81,4,2010,9,77,0,0,0,0
81,5,2011,10,122,0,0,0,0
81,6,2012,10,114,0,0,0,0
81,7,2013,14,105,0,0,0,0
81,8,2014,19,129,0,0,0,0
81,9,2015,15,164,1,0.5,0,0
82,0,2008,2,0,0,0,0,0
82,1,2009,2,7,0,0,0,0
82,2,2010,2,11,0,0,0,0
82,3,2011,3,22,0,0,0,0
82,4,2012,1,45,0,0,0,0
82,5,2013,3,53,0,0,0,0
82,6,2014,1,72,0,0,0,0
82,7,2015,6,58,0,0,0,0
83,0,2009,2,3,0,0,0,0
83,1,2010,0,4,0,0,0,0
83,2,2011,0,10,0,0,0,0
83,3,2012,4,22,0,0,0,0
83,4,2013,0,25,0,0,0,0
83,5,2014,2,53,0,0,0,0
83,6,2015,1,44,0,0,0,0
84,0,1995,2,0,1,7.25,0,0
84,1,1996,0,2,1,8.25,0,0
84,2,1997,1,2,1,9.25,0,0
84,3,1998,1,3,1,10.25,0,0
84,4,1999,0,5,1,11.25,0,0
84,5,2000,2,4,1,12.25,0,0
84,6,2001,1,5,1,13.25,0,0
84,7,2002,2,7,1,14.25,0,0
84,8,2003,3,16,1,15.25,0,0
84,9,2004,2,8,1,16.25,0,0
84,10,2005,0,23,1,17.25,0,0
84,11,2006,0,22,1,18.25,0,0
84,12,2007,1,19,1,19.25,0,0
84,13,2008,1,23,1,20.25,0,0
84,14,2009,0,30,1,21.25,0,0
84,15,2010,1,29,1,22.25,0,0
84,16,2011,3,26,1,23.25,0,0
84,17,2012,4,48,1,24.25,0,0
84,18,2013,14,58,1,25.25,0,0
84,19,2014,5,46,1,26.25,0,0
84,20,2015,10,60,1,27.25,0,0
85,0,2011,5,1,1,3.16666666666667,0,0
85,1,2012,4,4,1,4.16666666666667,0,0
85,2,2013,8,32,1,5.16666666666667,0,0
85,3,2014,5,44,1,6.16666666666667,0,0
85,4,2015,12,63,1,7.16666666666667,0,0
86,0,2001,2,0,0,0,0,0
86,1,2002,1,0,1,0.333333333333333,0,0
86,2,2003,0,0,1,1.33333333333333,0,0
86,3,2004,0,6,1,2.33333333333333,0,0
86,4,2005,2,13,1,3.33333333333333,1,0.75
86,5,2006,1,15,1,4.33333333333333,1,1.75
86,6,2007,0,16,1,5.33333333333333,1,2.75
86,7,2008,1,29,1,6.33333333333333,1,3.75
86,8,2009,4,26,1,7.33333333333333,1,4.75
86,9,2010,1,25,1,8.33333333333333,1,5.75
86,10,2011,3,31,1,9.33333333333333,1,6.75
86,11,2012,4,51,1,10.3333333333333,1,7.75
86,12,2013,1,68,1,11.3333333333333,1,8.75
86,13,2014,2,60,1,12.3333333333333,1,9.75
86,14,2015,0,60,1,13.3333333333333,1,10.75
87,0,2013,1,0,0,0,0,0
87,1,2014,0,0,0,0,0,0
87,2,2015,0,1,0,0,0,0
88,0,2002,1,0,0,0,0,0
88,1,2003,3,5,0,0,0,0
88,2,2004,3,23,0,0,0,0
88,3,2005,2,38,0,0,0,0
88,4,2006,2,58,0,0,0,0
88,5,2007,1,82,1,0.666666666666667,0,0
88,6,2008,3,122,1,1.66666666666667,0,0
88,7,2009,3,123,1,2.66666666666667,0,0
88,8,2010,3,179,1,3.66666666666667,0,0
88,9,2011,8,234,1,4.66666666666667,1,0.166666666666667
88,10,2012,1,235,1,5.66666666666667,1,1.16666666666667
88,11,2013,9,305,1,6.66666666666667,1,2.16666666666667
88,12,2014,6,324,1,7.66666666666667,1,3.16666666666667
88,13,2015,5,308,1,8.66666666666667,1,4.16666666666667
89,0,2006,1,0,1,1.58333333333333,0,0
89,1,2007,1,1,1,2.58333333333333,1,0.25
89,2,2008,1,0,1,3.58333333333333,1,1.25
89,3,2009,3,5,1,4.58333333333333,1,2.25
89,4,2010,4,1,1,5.58333333333333,1,3.25
89,5,2011,3,6,1,6.58333333333333,1,4.25
89,6,2012,3,15,1,7.58333333333333,1,5.25
89,7,2013,4,19,1,8.58333333333333,1,6.25
89,8,2014,5,26,1,9.58333333333333,1,7.25
89,9,2015,4,35,1,10.5833333333333,1,8.25
90,0,2013,1,1,1,32,1,29.6666666666667
90,1,2014,0,1,1,33,1,30.6666666666667
90,2,2015,1,4,1,34,1,31.6666666666667
91,0,1997,2,0,1,14.8333333333333,1,13.5
91,1,1998,2,2,1,15.8333333333333,1,14.5
91,2,1999,2,13,1,16.8333333333333,1,15.5
91,3,2000,0,9,1,17.8333333333333,1,16.5
91,4,2001,1,15,1,18.8333333333333,1,17.5
91,5,2002,0,12,1,19.8333333333333,1,18.5
91,6,2003,0,14,1,20.8333333333333,1,19.5
91,7,2004,1,19,1,21.8333333333333,1,20.5
91,8,2005,2,18,1,22.8333333333333,1,21.5
91,9,2006,1,22,1,23.8333333333333,1,22.5
91,10,2007,1,29,1,24.8333333333333,1,23.5
91,11,2008,0,35,1,25.8333333333333,1,24.5
91,12,2009,4,44,1,26.8333333333333,1,25.5
91,13,2010,2,52,1,27.8333333333333,1,26.5
91,14,2011,2,56,1,28.8333333333333,1,27.5
91,15,2012,0,54,1,29.8333333333333,1,28.5
91,16,2013,5,87,1,30.8333333333333,1,29.5
91,17,2014,2,52,1,31.8333333333333,1,30.5
91,18,2015,3,55,1,32.8333333333333,1,31.5
92,0,2011,1,0,1,7.41666666666667,1,6
92,1,2012,0,1,1,8.41666666666667,1,7
92,2,2013,5,10,1,9.41666666666667,1,8
92,3,2014,1,47,1,10.4166666666667,1,9
92,4,2015,1,57,1,11.4166666666667,1,10
93,0,1995,1,0,1,12.25,1,9.25
93,1,1996,0,0,1,13.25,1,10.25
93,2,1997,1,0,1,14.25,1,11.25
93,3,1998,0,1,1,15.25,1,12.25
93,4,1999,1,0,1,16.25,1,13.25
93,5,2000,0,1,1,17.25,1,14.25
93,6,2001,0,0,1,18.25,1,15.25
93,7,2002,0,0,1,19.25,1,16.25
93,8,2003,1,1,1,20.25,1,17.25
93,9,2004,1,2,1,21.25,1,18.25
93,10,2005,1,2,1,22.25,1,19.25
93,11,2006,0,0,1,23.25,1,20.25
93,12,2007,5,12,1,24.25,1,21.25
93,13,2008,2,14,1,25.25,1,22.25
93,14,2009,2,29,1,26.25,1,23.25
93,15,2010,0,34,1,27.25,1,24.25
93,16,2011,7,53,1,28.25,1,25.25
93,17,2012,3,62,1,29.25,1,26.25
93,18,2013,4,106,1,30.25,1,27.25
93,19,2014,4,81,1,31.25,1,28.25
93,20,2015,7,116,1,32.25,1,29.25
94,0,2015,14,33,0,0,0,0
95,0,2008,1,0,0,0,0,0
95,1,2009,0,2,0,0,0,0
95,2,2010,1,4,0,0,0,0
95,3,2011,1,8,0,0,0,0
95,4,2012,3,9,0,0,0,0
95,5,2013,2,17,0,0,0,0
95,6,2014,5,31,0,0,0,0
95,7,2015,4,51,0,0,0,0
